,year,month,win_rate[한화],win_rate[KIA],win_rate[SK],win_rate[두산],win_rate[삼성],win_rate[우리],win_rate[롯데],win_rate[LG],win_rate[히어로즈],win_rate[넥센],win_rate[EAST],win_rate[WEST],win_rate[NC],win_rate[KT],win_rate[드림],win_rate[나눔],win_rate[키움],win_rate[SSG]
0,2008,03,0.0,,,,,,,,,,,,,,,,,
1,2008,03,,0.0,,,,,,,,,,,,,,,,
2,2008,03,,,0.5,,,,,,,,,,,,,,,
3,2008,03,,,,1.0,,,,,,,,,,,,,,
4,2008,03,,,,,1.0,,,,,,,,,,,,,
5,2008,03,,,,,,0.0,,,,,,,,,,,,
6,2008,03,,,,,,,1.0,,,,,,,,,,,
7,2008,03,,,,,,,,0.5,,,,,,,,,,
8,2008,04,0.615,,,,,,,,,,,,,,,,,
9,2008,04,,0.32,,,,,,,,,,,,,,,,
10,2008,04,,,0.75,,,,,,,,,,,,,,,
11,2008,04,,,,0.417,,,,,,,,,,,,,,
12,2008,04,,,,,0.44,,,,,,,,,,,,,
13,2008,04,,,,,,0.423,,,,,,,,,,,,
14,2008,04,,,,,,,0.682,,,,,,,,,,,
15,2008,04,,,,,,,,0.385,,,,,,,,,,
16,2008,05,0.64,,,,,,,,,,,,,,,,,
17,2008,05,,0.48,,,,,,,,,,,,,,,,
18,2008,05,,,0.44,,,,,,,,,,,,,,,
19,2008,05,,,,0.625,,,,,,,,,,,,,,
20,2008,05,,,,,0.5,,,,,,,,,,,,,
21,2008,05,,,,,,0.48,,,,,,,,,,,,
22,2008,05,,,,,,,0.48,,,,,,,,,,,
23,2008,05,,,,,,,,0.37,,,,,,,,,,
24,2008,06,0.435,,,,,,,,,,,,,,,,,
25,2008,06,,0.565,,,,,,,,,,,,,,,,
26,2008,06,,,0.727,,,,,,,,,,,,,,,
27,2008,06,,,,0.455,,,,,,,,,,,,,,
28,2008,06,,,,,0.478,,,,,,,,,,,,,
29,2008,06,,,,,,0.524,,,,,,,,,,,,
30,2008,06,,,,,,,0.5,,,,,,,,,,,
31,2008,06,,,,,,,,0.318,,,,,,,,,,
32,2008,07,0.538,,,,,,,,,,,,,,,,,
33,2008,07,,0.636,,,,,,,,,,,,,,,,
34,2008,07,,,0.389,,,,,,,,,,,,,,,
35,2008,07,,,,0.476,,,,,,,,,,,,,,
36,2008,07,,,,,0.565,,,,,,,,,,,,,
37,2008,07,,,,,,0.5,,,,,,,,,,,,
38,2008,07,,,,,,,0.391,,,,,,,,,,,
39,2008,07,,,,,,,,0.476,,,,,,,,,,
40,2008,08,0.667,,,,,,,,,,,,,,,,,
41,2008,08,,0.5,,,,,,,,,,,,,,,,
42,2008,08,,,0.667,,,,,,,,,,,,,,,
43,2008,08,,,,0.333,,,,,,,,,,,,,,
44,2008,08,,,,,0.5,,,,,,,,,,,,,
45,2008,08,,,,,,0.167,,,,,,,,,,,,
46,2008,08,,,,,,,0.667,,,,,,,,,,,
47,2008,08,,,,,,,,0.5,,,,,,,,,,
48,2008,09,0.353,,,,,,,,,,,,,,,,,
49,2008,09,,0.4,,,,,,,,,,,,,,,,
50,2008,09,,,0.75,,,,,,,,,,,,,,,
51,2008,09,,,,0.542,,,,,,,,,,,,,,
52,2008,09,,,,,0.526,,,,,,,,,,,,,
53,2008,09,,,,,,0.318,,,,,,,,,,,,
54,2008,09,,,,,,,0.565,,,,,,,,,,,
55,2008,09,,,,,,,,0.474,,,,,,,,,,
56,2008,10,1.0,,,,,,,,,,,,,,,,,
57,2008,10,,0.667,,,,,,,,,,,,,,,,
58,2008,10,,,0.4,,,,,,,,,,,,,,,
59,2008,10,,,,0.0,,,,,,,,,,,,,,
60,2008,10,,,,,0.5,,,,,,,,,,,,,
61,2008,10,,,,,,0.8,,,,,,,,,,,,
62,2008,10,,,,,,,0.333,,,,,,,,,,,
63,2008,10,,,,,,,,0.667,,,,,,,,,,
64,2009,04,0.474,,,,,,,,,,,,,,,,,
65,2009,04,,0.364,,,,,,,,,,,,,,,,
66,2009,04,,,0.6,,,,,,,,,,,,,,,
67,2009,04,,,,0.444,,,,,,,,,,,,,,
68,2009,04,,,,,0.591,,,,,,,,,,,,,
69,2009,04,,,,,,,,,0.545,,,,,,,,,
70,2009,04,,,,,,,0.435,,,,,,,,,,,
71,2009,04,,,,,,,,0.545,,,,,,,,,,
72,2009,05,0.375,,,,,,,,,,,,,,,,,
73,2009,05,,0.52,,,,,,,,,,,,,,,,
74,2009,05,,,0.615,,,,,,,,,,,,,,,
75,2009,05,,,,0.538,,,,,,,,,,,,,,
76,2009,05,,,,,0.481,,,,,,,,,,,,,
77,2009,05,,,,,,,,,0.52,,,,,,,,,
78,2009,05,,,,,,,0.577,,,,,,,,,,,
79,2009,05,,,,,,,,0.36,,,,,,,,,,
80,2009,06,0.44,,,,,,,,,,,,,,,,,
81,2009,06,,0.545,,,,,,,,,,,,,,,,
82,2009,06,,,0.583,,,,,,,,,,,,,,,
83,2009,06,,,,0.44,,,,,,,,,,,,,,
84,2009,06,,,,,0.375,,,,,,,,,,,,,
85,2009,06,,,,,,,,,0.458,,,,,,,,,
86,2009,06,,,,,,,0.64,,,,,,,,,,,
87,2009,06,,,,,,,,0.52,,,,,,,,,,
88,2009,07,0.381,,,,,,,,,,,,,,,,,
89,2009,07,,0.611,,,,,,,,,,,,,,,,
90,2009,07,,,0.25,,,,,,,,,,,,,,,
91,2009,07,,,,0.474,,,,,,,,,,,,,,
92,2009,07,,,,,0.7,,,,,,,,,,,,,
93,2009,07,,,,,,,,,0.444,,,,,,,,,
94,2009,07,,,,,,,0.667,,,,,,,,,,,
95,2009,07,,,,,,,,0.474,,,,,,,,,,
96,2009,08,0.565,,,,,,,,,,,,,,,,,
97,2009,08,,0.667,,,,,,,,,,,,,,,,
98,2009,08,,,0.522,,,,,,,,,,,,,,,
99,2009,08,,,,0.292,,,,,,,,,,,,,,
100,2009,08,,,,,0.375,,,,,,,,,,,,,
101,2009,08,,,,,,,,,0.636,,,,,,,,,
102,2009,08,,,,,,,0.5,,,,,,,,,,,
103,2009,08,,,,,,,,0.458,,,,,,,,,,
104,2009,09,0.389,,,,,,,,,,,,,,,,,
105,2009,09,,0.722,,,,,,,,,,,,,,,,
106,2009,09,,,0.786,,,,,,,,,,,,,,,
107,2009,09,,,,0.526,,,,,,,,,,,,,,
108,2009,09,,,,,0.5,,,,,,,,,,,,,
109,2009,09,,,,,,,,,0.286,,,,,,,,,
110,2009,09,,,,,,,0.5,,,,,,,,,,,
111,2009,09,,,,,,,,0.357,,,,,,,,,,
112,2010,03,0.385,,,,,,,,,,,,,,,,,
113,2010,03,,0.562,,,,,,,,,,,,,,,,
114,2010,03,,,0.571,,,,,,,,,,,,,,,
115,2010,03,,,,0.5,,,,,,,,,,,,,,
116,2010,03,,,,,0.529,,,,,,,,,,,,,
117,2010,03,,,,,,,,,,0.333,,,,,,,,
118,2010,03,,,,,,,0.733,,,,,,,,,,,
119,2010,03,,,,,,,,0.357,,,,,,,,,,
120,2010,04,0.542,,,,,,,,,,,,,,,,,
121,2010,04,,0.455,,,,,,,,,,,,,,,,
122,2010,04,,,0.739,,,,,,,,,,,,,,,
123,2010,04,,,,0.524,,,,,,,,,,,,,,
124,2010,04,,,,,0.522,,,,,,,,,,,,,
125,2010,04,,,,,,,,,,0.292,,,,,,,,
126,2010,04,,,,,,,0.48,,,,,,,,,,,
127,2010,04,,,,,,,,0.45,,,,,,,,,,
128,2010,05,0.478,,,,,,,,,,,,,,,,,
129,2010,05,,0.5,,,,,,,,,,,,,,,,
130,2010,05,,,0.478,,,,,,,,,,,,,,,
131,2010,05,,,,0.6,,,,,,,,,,,,,,
132,2010,05,,,,,0.522,,,,,,,,,,,,,
133,2010,05,,,,,,,,,,0.417,,,,,,,,
134,2010,05,,,,,,,0.565,,,,,,,,,,,
135,2010,05,,,,,,,,0.44,,,,,,,,,,
136,2010,06,0.346,,,,,,,,,,,,,,,,,
137,2010,06,,0.5,,,,,,,,,,,,,,,,
138,2010,06,,,0.652,,,,,,,,,,,,,,,
139,2010,06,,,,0.5,,,,,,,,,,,,,,
140,2010,06,,,,,0.52,,,,,,,,,,,,,
141,2010,06,,,,,,,,,,0.5,,,,,,,,
142,2010,06,,,,,,,0.364,,,,,,,,,,,
143,2010,06,,,,,,,,0.615,,,,,,,,,,
144,2010,07,,,,,,,,,,,1.0,,,,,,,
145,2010,07,0.5,,,,,,,,,,,,,,,,,
146,2010,07,,0.278,,,,,,,,,,,,,,,,
147,2010,07,,,,,,,,,,,,0.0,,,,,,
148,2010,07,,,0.619,,,,,,,,,,,,,,,
149,2010,07,,,,0.632,,,,,,,,,,,,,,
150,2010,07,,,,,0.81,,,,,,,,,,,,,
151,2010,07,,,,,,,,,,0.25,,,,,,,,
152,2010,07,,,,,,,0.389,,,,,,,,,,,
153,2010,07,,,,,,,,0.476,,,,,,,,,,
154,2010,08,0.545,,,,,,,,,,,,,,,,,
155,2010,08,,0.5,,,,,,,,,,,,,,,,
156,2010,08,,,0.429,,,,,,,,,,,,,,,
157,2010,08,,,,0.476,,,,,,,,,,,,,,
158,2010,08,,,,,0.524,,,,,,,,,,,,,
159,2010,08,,,,,,,,,,0.409,,,,,,,,
160,2010,08,,,,,,,0.636,,,,,,,,,,,
161,2010,08,,,,,,,,0.474,,,,,,,,,,
162,2010,09,0.385,,,,,,,,,,,,,,,,,
163,2010,09,,0.533,,,,,,,,,,,,,,,,
164,2010,09,,,0.471,,,,,,,,,,,,,,,
165,2010,09,,,,0.632,,,,,,,,,,,,,,
166,2010,09,,,,,0.429,,,,,,,,,,,,,
167,2010,09,,,,,,,,,,0.385,,,,,,,,
168,2010,09,,,,,,,0.684,,,,,,,,,,,
169,2010,09,,,,,,,,0.357,,,,,,,,,,
170,2010,10,,,1.0,,,,,,,,,,,,,,,
171,2010,10,,,,0.375,,,,,,,,,,,,,,
172,2010,10,,,,,0.333,,,,,,,,,,,,,
173,2010,10,,,,,,,0.667,,,,,,,,,,,
174,2011,03,0.5,,,,,,,,,,,,,,,,,
175,2011,03,,0.5,,,,,,,,,,,,,,,,
176,2011,03,,,0.5,,,,,,,,,,,,,,,
177,2011,03,,,,0.583,,,,,,,,,,,,,,
178,2011,03,,,,,0.333,,,,,,,,,,,,,
179,2011,03,,,,,,,,,,0.5,,,,,,,,
180,2011,03,,,,,,,0.538,,,,,,,,,,,
181,2011,03,,,,,,,,0.538,,,,,,,,,,
182,2011,04,0.273,,,,,,,,,,,,,,,,,
183,2011,04,,0.609,,,,,,,,,,,,,,,,
184,2011,04,,,0.714,,,,,,,,,,,,,,,
185,2011,04,,,,0.5,,,,,,,,,,,,,,
186,2011,04,,,,,0.609,,,,,,,,,,,,,
187,2011,04,,,,,,,,,,0.391,,,,,,,,
188,2011,04,,,,,,,0.429,,,,,,,,,,,
189,2011,04,,,,,,,,0.478,,,,,,,,,,
190,2011,05,0.462,,,,,,,,,,,,,,,,,
191,2011,05,,0.56,,,,,,,,,,,,,,,,
192,2011,05,,,0.565,,,,,,,,,,,,,,,
193,2011,05,,,,0.375,,,,,,,,,,,,,,
194,2011,05,,,,,0.5,,,,,,,,,,,,,
195,2011,05,,,,,,,,,,0.348,,,,,,,,
196,2011,05,,,,,,,0.636,,,,,,,,,,,
197,2011,05,,,,,,,,0.56,,,,,,,,,,
198,2011,06,0.591,,,,,,,,,,,,,,,,,
199,2011,06,,0.773,,,,,,,,,,,,,,,,
200,2011,06,,,0.524,,,,,,,,,,,,,,,
201,2011,06,,,,0.5,,,,,,,,,,,,,,
202,2011,06,,,,,0.591,,,,,,,,,,,,,
203,2011,06,,,,,,,,,,0.35,,,,,,,,
204,2011,06,,,,,,,0.227,,,,,,,,,,,
205,2011,06,,,,,,,,0.421,,,,,,,,,,
206,2011,07,,,,,,,,,,,0.0,,,,,,,
207,2011,07,0.5,,,,,,,,,,,,,,,,,
208,2011,07,,0.609,,,,,,,,,,,,,,,,
209,2011,07,,,,,,,,,,,,1.0,,,,,,
210,2011,07,,,0.25,,,,,,,,,,,,,,,
211,2011,07,,,,0.357,,,,,,,,,,,,,,
212,2011,07,,,,,0.706,,,,,,,,,,,,,
213,2011,07,,,,,,,,,,0.5,,,,,,,,
214,2011,07,,,,,,,0.632,,,,,,,,,,,
215,2011,07,,,,,,,,0.353,,,,,,,,,,
216,2011,08,0.474,,,,,,,,,,,,,,,,,
217,2011,08,,0.48,,,,,,,,,,,,,,,,
218,2011,08,,,0.348,,,,,,,,,,,,,,,
219,2011,08,,,,0.435,,,,,,,,,,,,,,
220,2011,08,,,,,0.652,,,,,,,,,,,,,
221,2011,08,,,,,,,,,,0.522,,,,,,,,
222,2011,08,,,,,,,0.609,,,,,,,,,,,
223,2011,08,,,,,,,,0.476,,,,,,,,,,
224,2011,09,0.619,,,,,,,,,,,,,,,,,
225,2011,09,,0.5,,,,,,,,,,,,,,,,
226,2011,09,,,0.476,,,,,,,,,,,,,,,
227,2011,09,,,,0.48,,,,,,,,,,,,,,
228,2011,09,,,,,0.667,,,,,,,,,,,,,
229,2011,09,,,,,,,,,,0.417,,,,,,,,
230,2011,09,,,,,,,0.611,,,,,,,,,,,
231,2011,09,,,,,,,,0.286,,,,,,,,,,
232,2011,10,0.2,,,,,,,,,,,,,,,,,
233,2011,10,,0.286,,,,,,,,,,,,,,,,
234,2011,10,,,0.556,,,,,,,,,,,,,,,
235,2011,10,,,,1.0,,,,,,,,,,,,,,
236,2011,10,,,,,0.625,,,,,,,,,,,,,
237,2011,10,,,,,,,,,,0.25,,,,,,,,
238,2011,10,,,,,,,0.625,,,,,,,,,,,
239,2011,10,,,,,,,,0.2,,,,,,,,,,
240,2012,03,0.556,,,,,,,,,,,,,,,,,
241,2012,03,,0.556,,,,,,,,,,,,,,,,
242,2012,03,,,0.667,,,,,,,,,,,,,,,
243,2012,03,,,,0.444,,,,,,,,,,,,,,
244,2012,03,,,,,0.4,,,,,,,,,,,,,
245,2012,03,,,,,,,,,,0.5,,,,,,,,
246,2012,03,,,,,,,0.273,,,,,,,,,,,
247,2012,03,,,,,,,,0.6,,,,,,,,,,
248,2012,04,0.412,,,,,,,,,,,,,,,,,
249,2012,04,,0.562,,,,,,,,,,,,,,,,
250,2012,04,,,0.529,,,,,,,,,,,,,,,
251,2012,04,,,,0.667,,,,,,,,,,,,,,
252,2012,04,,,,,0.412,,,,,,,,,,,,,
253,2012,04,,,,,,,,,,0.471,,,,,,,,
254,2012,04,,,,,,,0.562,,,,,,,,,,,
255,2012,04,,,,,,,,0.412,,,,,,,,,,
256,2012,05,0.519,,,,,,,,,,,,,,,,,
257,2012,05,,0.478,,,,,,,,,,,,,,,,
258,2012,05,,,0.542,,,,,,,,,,,,,,,
259,2012,05,,,,0.346,,,,,,,,,,,,,,
260,2012,05,,,,,0.56,,,,,,,,,,,,,
261,2012,05,,,,,,,,,,0.462,,,,,,,,
262,2012,05,,,,,,,0.5,,,,,,,,,,,
263,2012,05,,,,,,,,0.593,,,,,,,,,,
264,2012,06,0.478,,,,,,,,,,,,,,,,,
265,2012,06,,0.364,,,,,,,,,,,,,,,,
266,2012,06,,,0.56,,,,,,,,,,,,,,,
267,2012,06,,,,0.64,,,,,,,,,,,,,,
268,2012,06,,,,,0.583,,,,,,,,,,,,,
269,2012,06,,,,,,,,,,0.391,,,,,,,,
270,2012,06,,,,,,,0.583,,,,,,,,,,,
271,2012,06,,,,,,,,0.364,,,,,,,,,,
272,2012,07,,,,,,,,,,,1.0,,,,,,,
273,2012,07,0.529,,,,,,,,,,,,,,,,,
274,2012,07,,0.529,,,,,,,,,,,,,,,,
275,2012,07,,,,,,,,,,,,0.0,,,,,,
276,2012,07,,,0.278,,,,,,,,,,,,,,,
277,2012,07,,,,0.6,,,,,,,,,,,,,,
278,2012,07,,,,,0.765,,,,,,,,,,,,,
279,2012,07,,,,,,,,,,0.444,,,,,,,,
280,2012,07,,,,,,,0.438,,,,,,,,,,,
281,2012,07,,,,,,,,0.412,,,,,,,,,,
282,2012,08,0.476,,,,,,,,,,,,,,,,,
283,2012,08,,0.476,,,,,,,,,,,,,,,,
284,2012,08,,,0.636,,,,,,,,,,,,,,,
285,2012,08,,,,0.45,,,,,,,,,,,,,,
286,2012,08,,,,,0.455,,,,,,,,,,,,,
287,2012,08,,,,,,,,,,0.476,,,,,,,,
288,2012,08,,,,,,,0.667,,,,,,,,,,,
289,2012,08,,,,,,,,0.364,,,,,,,,,,
290,2012,09,0.545,,,,,,,,,,,,,,,,,
291,2012,09,,0.391,,,,,,,,,,,,,,,,
292,2012,09,,,0.632,,,,,,,,,,,,,,,
293,2012,09,,,,0.526,,,,,,,,,,,,,,
294,2012,09,,,,,0.65,,,,,,,,,,,,,
295,2012,09,,,,,,,,,,0.478,,,,,,,,
296,2012,09,,,,,,,0.333,,,,,,,,,,,
297,2012,09,,,,,,,,0.476,,,,,,,,,,
298,2012,10,0.333,,,,,,,,,,,,,,,,,
299,2012,10,,0.8,,,,,,,,,,,,,,,,
300,2012,10,,,0.375,,,,,,,,,,,,,,,
301,2012,10,,,,0.333,,,,,,,,,,,,,,
302,2012,10,,,,,0.818,,,,,,,,,,,,,
303,2012,10,,,,,,,,,,0.333,,,,,,,,
304,2012,10,,,,,,,0.462,,,,,,,,,,,
305,2012,10,,,,,,,,0.5,,,,,,,,,,
306,2012,11,,,,,1.0,,,,,,,,,,,,,
307,2012,11,,,0.0,,,,,,,,,,,,,,,
308,2013,03,0.462,,,,,,,,,,,,,,,,,
309,2013,03,,0.538,,,,,,,,,,,,,,,,
310,2013,03,,,0.5,,,,,,,,,,,,,,,
311,2013,03,,,,0.583,,,,,,,,,,,,,,
312,2013,03,,,,,0.2,,,,,,,,,,,,,
313,2013,03,,,,,,,,,,0.667,,,,,,,,
314,2013,03,,,,,,,,,,,,,0.455,,,,,
315,2013,03,,,,,,,0.417,,,,,,,,,,,
316,2013,03,,,,,,,,0.615,,,,,,,,,,
317,2013,04,0.316,,,,,,,,,,,,,,,,,
318,2013,04,,0.667,,,,,,,,,,,,,,,,
319,2013,04,,,0.556,,,,,,,,,,,,,,,
320,2013,04,,,,0.556,,,,,,,,,,,,,,
321,2013,04,,,,,0.474,,,,,,,,,,,,,
322,2013,04,,,,,,,,,,0.737,,,,,,,,
323,2013,04,,,,,,,,,,,,,0.333,,,,,
324,2013,04,,,,,,,0.444,,,,,,,,,,,
325,2013,04,,,,,,,,0.45,,,,,,,,,,
326,2013,05,0.417,,,,,,,,,,,,,,,,,
327,2013,05,,0.391,,,,,,,,,,,,,,,,
328,2013,05,,,0.545,,,,,,,,,,,,,,,
329,2013,05,,,,0.458,,,,,,,,,,,,,,
330,2013,05,,,,,0.636,,,,,,,,,,,,,
331,2013,05,,,,,,,,,,0.636,,,,,,,,
332,2013,05,,,,,,,,,,,,,0.455,,,,,
333,2013,05,,,,,,,0.591,,,,,,,,,,,
334,2013,05,,,,,,,,0.391,,,,,,,,,,
335,2013,06,0.368,,,,,,,,,,,,,,,,,
336,2013,06,,0.632,,,,,,,,,,,,,,,,
337,2013,06,,,0.455,,,,,,,,,,,,,,,
338,2013,06,,,,0.55,,,,,,,,,,,,,,
339,2013,06,,,,,0.5,,,,,,,,,,,,,
340,2013,06,,,,,,,,,,0.381,,,,,,,,
341,2013,06,,,,,,,,,,,,,0.35,,,,,
342,2013,06,,,,,,,0.55,,,,,,,,,,,
343,2013,06,,,,,,,,0.714,,,,,,,,,,
344,2013,07,,,,,,,,,,,1.0,,,,,,,
345,2013,07,0.214,,,,,,,,,,,,,,,,,
346,2013,07,,0.5,,,,,,,,,,,,,,,,
347,2013,07,,,,,,,,,,,,0.0,,,,,,
348,2013,07,,,0.429,,,,,,,,,,,,,,,
349,2013,07,,,,0.588,,,,,,,,,,,,,,
350,2013,07,,,,,0.556,,,,,,,,,,,,,
351,2013,07,,,,,,,,,,0.647,,,,,,,,
352,2013,07,,,,,,,,,,,,,0.5,,,,,
353,2013,07,,,,,,,0.389,,,,,,,,,,,
354,2013,07,,,,,,,,0.625,,,,,,,,,,
355,2013,08,0.409,,,,,,,,,,,,,,,,,
356,2013,08,,0.364,,,,,,,,,,,,,,,,
357,2013,08,,,0.714,,,,,,,,,,,,,,,
358,2013,08,,,,0.5,,,,,,,,,,,,,,
359,2013,08,,,,,0.478,,,,,,,,,,,,,
360,2013,08,,,,,,,,,,0.5,,,,,,,,
361,2013,08,,,,,,,,,,,,,0.591,,,,,
362,2013,08,,,,,,,0.5,,,,,,,,,,,
363,2013,08,,,,,,,,0.455,,,,,,,,,,
364,2013,09,0.391,,,,,,,,,,,,,,,,,
365,2013,09,,0.458,,,,,,,,,,,,,,,,
366,2013,09,,,0.455,,,,,,,,,,,,,,,
367,2013,09,,,,0.6,,,,,,,,,,,,,,
368,2013,09,,,,,0.524,,,,,,,,,,,,,
369,2013,09,,,,,,,,,,0.722,,,,,,,,
370,2013,09,,,,,,,,,,,,,0.333,,,,,
371,2013,09,,,,,,,0.55,,,,,,,,,,,
372,2013,09,,,,,,,,0.5,,,,,,,,,,
373,2013,10,0.25,,,,,,,,,,,,,,,,,
374,2013,10,,0.0,,,,,,,,,,,,,,,,
375,2013,10,,,0.25,,,,,,,,,,,,,,,
376,2013,10,,,,0.588,,,,,,,,,,,,,,
377,2013,10,,,,,0.556,,,,,,,,,,,,,
378,2013,10,,,,,,,,,,0.5,,,,,,,,
379,2013,10,,,,,,,,,,,,,0.667,,,,,
380,2013,10,,,,,,,0.75,,,,,,,,,,,
381,2013,10,,,,,,,,0.5,,,,,,,,,,
382,2013,11,,,,0.0,,,,,,,,,,,,,,
383,2013,11,,,,,1.0,,,,,,,,,,,,,
384,2014,03,0.6,,,,,,,,,,,,,,,,,
385,2014,03,,0.615,,,,,,,,,,,,,,,,
386,2014,03,,,0.455,,,,,,,,,,,,,,,
387,2014,03,,,,0.625,,,,,,,,,,,,,,
388,2014,03,,,,,0.455,,,,,,,,,,,,,
389,2014,03,,,,,,,,,,0.364,,,,,,,,
390,2014,03,,,,,,,,,,,,,0.778,,,,,
391,2014,03,,,,,,,0.333,,,,,,,,,,,
392,2014,03,,,,,,,,0.364,,,,,,,,,,
393,2014,04,0.35,,,,,,,,,,,,,,,,,
394,2014,04,,0.5,,,,,,,,,,,,,,,,
395,2014,04,,,0.478,,,,,,,,,,,,,,,
396,2014,04,,,,0.545,,,,,,,,,,,,,,
397,2014,04,,,,,0.526,,,,,,,,,,,,,
398,2014,04,,,,,,,,,,0.636,,,,,,,,
399,2014,04,,,,,,,,,,,,,0.6,,,,,
400,2014,04,,,,,,,0.5,,,,,,,,,,,
401,2014,04,,,,,,,,0.333,,,,,,,,,,
402,2014,05,0.478,,,,,,,,,,,,,,,,,
403,2014,05,,0.5,,,,,,,,,,,,,,,,
404,2014,05,,,0.5,,,,,,,,,,,,,,,
405,2014,05,,,,0.542,,,,,,,,,,,,,,
406,2014,05,,,,,0.696,,,,,,,,,,,,,
407,2014,05,,,,,,,,,,0.458,,,,,,,,
408,2014,05,,,,,,,,,,,,,0.5,,,,,
409,2014,05,,,,,,,0.375,,,,,,,,,,,
410,2014,05,,,,,,,,0.458,,,,,,,,,,
411,2014,06,0.6,,,,,,,,,,,,,,,,,
412,2014,06,,0.773,,,,,,,,,,,,,,,,
413,2014,06,,,0.571,,,,,,,,,,,,,,,
414,2014,06,,,,0.3,,,,,,,,,,,,,,
415,2014,06,,,,,0.429,,,,,,,,,,,,,
416,2014,06,,,,,,,,,,0.65,,,,,,,,
417,2014,06,,,,,,,,,,,,,0.35,,,,,
418,2014,06,,,,,,,0.632,,,,,,,,,,,
419,2014,06,,,,,,,,0.19,,,,,,,,,,
420,2014,07,,,,,,,,,,,1.0,,,,,,,
421,2014,07,0.6,,,,,,,,,,,,,,,,,
422,2014,07,,0.3,,,,,,,,,,,,,,,,
423,2014,07,,,,,,,,,,,,0.0,,,,,,
424,2014,07,,,0.647,,,,,,,,,,,,,,,
425,2014,07,,,,0.438,,,,,,,,,,,,,,
426,2014,07,,,,,0.55,,,,,,,,,,,,,
427,2014,07,,,,,,,,,,0.474,,,,,,,,
428,2014,07,,,,,,,,,,,,,0.444,,,,,
429,2014,07,,,,,,,0.409,,,,,,,,,,,
430,2014,07,,,,,,,,0.65,,,,,,,,,,
431,2014,08,0.632,,,,,,,,,,,,,,,,,
432,2014,08,,0.353,,,,,,,,,,,,,,,,
433,2014,08,,,0.6,,,,,,,,,,,,,,,
434,2014,08,,,,0.333,,,,,,,,,,,,,,
435,2014,08,,,,,0.474,,,,,,,,,,,,,
436,2014,08,,,,,,,,,,0.636,,,,,,,,
437,2014,08,,,,,,,,,,,,,0.571,,,,,
438,2014,08,,,,,,,0.3,,,,,,,,,,,
439,2014,08,,,,,,,,0.571,,,,,,,,,,
440,2014,09,0.4,,,,,,,,,,,,,,,,,
441,2014,09,,0.625,,,,,,,,,,,,,,,,
442,2014,09,,,0.5,,,,,,,,,,,,,,,
443,2014,09,,,,0.429,,,,,,,,,,,,,,
444,2014,09,,,,,0.625,,,,,,,,,,,,,
445,2014,09,,,,,,,,,,0.625,,,,,,,,
446,2014,09,,,,,,,,,,,,,0.4,,,,,
447,2014,09,,,,,,,0.5,,,,,,,,,,,
448,2014,09,,,,,,,,0.429,,,,,,,,,,
449,2014,10,0.333,,,,,,,,,,,,,,,,,
450,2014,10,,0.462,,,,,,,,,,,,,,,,
451,2014,10,,,0.667,,,,,,,,,,,,,,,
452,2014,10,,,,0.533,,,,,,,,,,,,,,
453,2014,10,,,,,0.385,,,,,,,,,,,,,
454,2014,10,,,,,,,,,,0.692,,,,,,,,
455,2014,10,,,,,,,,,,,,,0.692,,,,,
456,2014,10,,,,,,,0.4,,,,,,,,,,,
457,2014,10,,,,,,,,0.389,,,,,,,,,,
458,2014,11,,,,,0.667,,,,,,,,,,,,,
459,2014,11,,,,,,,,,,0.333,,,,,,,,
460,2015,03,,,,,,,,,,,,,,0.4,,,,
461,2015,03,0.429,,,,,,,,,,,,,,,,,
462,2015,03,,0.615,,,,,,,,,,,,,,,,
463,2015,03,,,0.636,,,,,,,,,,,,,,,
464,2015,03,,,,0.75,,,,,,,,,,,,,,
465,2015,03,,,,,0.467,,,,,,,,,,,,,
466,2015,03,,,,,,,,,,0.545,,,,,,,,
467,2015,03,,,,,,,,,,,,,0.615,,,,,
468,2015,03,,,,,,,0.467,,,,,,,,,,,
469,2015,03,,,,,,,,0.2,,,,,,,,,,
470,2015,04,,,,,,,,,,,,,,0.318,,,,
471,2015,04,0.636,,,,,,,,,,,,,,,,,
472,2015,04,,0.522,,,,,,,,,,,,,,,,
473,2015,04,,,0.409,,,,,,,,,,,,,,,
474,2015,04,,,,0.636,,,,,,,,,,,,,,
475,2015,04,,,,,0.652,,,,,,,,,,,,,
476,2015,04,,,,,,,,,,0.522,,,,,,,,
477,2015,04,,,,,,,,,,,,,0.409,,,,,
478,2015,04,,,,,,,0.318,,,,,,,,,,,
479,2015,04,,,,,,,,0.565,,,,,,,,,,
480,2015,05,,,,,,,,,,,,,,0.444,,,,
481,2015,05,0.481,,,,,,,,,,,,,,,,,
482,2015,05,,0.36,,,,,,,,,,,,,,,,
483,2015,05,,,0.5,,,,,,,,,,,,,,,
484,2015,05,,,,0.565,,,,,,,,,,,,,,
485,2015,05,,,,,0.52,,,,,,,,,,,,,
486,2015,05,,,,,,,,,,0.538,,,,,,,,
487,2015,05,,,,,,,,,,,,,0.68,,,,,
488,2015,05,,,,,,,0.519,,,,,,,,,,,
489,2015,05,,,,,,,,0.4,,,,,,,,,,
490,2015,06,,,,,,,,,,,,,,0.435,,,,
491,2015,06,0.636,,,,,,,,,,,,,,,,,
492,2015,06,,0.6,,,,,,,,,,,,,,,,
493,2015,06,,,0.455,,,,,,,,,,,,,,,
494,2015,06,,,,0.565,,,,,,,,,,,,,,
495,2015,06,,,,,0.429,,,,,,,,,,,,,
496,2015,06,,,,,,,,,,0.476,,,,,,,,
497,2015,06,,,,,,,,,,,,,0.545,,,,,
498,2015,06,,,,,,,0.429,,,,,,,,,,,
499,2015,06,,,,,,,,0.435,,,,,,,,,,
500,2015,07,,,,,,,,,,,,,,,1.0,,,
501,2015,07,,,,,,,,,,,,,,0.389,,,,
502,2015,07,0.45,,,,,,,,,,,,,,,,,
503,2015,07,,0.591,,,,,,,,,,,,,,,,
504,2015,07,,,,,,,,,,,,,,,,0.0,,
505,2015,07,,,0.611,,,,,,,,,,,,,,,
506,2015,07,,,,0.571,,,,,,,,,,,,,,
507,2015,07,,,,,0.476,,,,,,,,,,,,,
508,2015,07,,,,,,,,,,0.45,,,,,,,,
509,2015,07,,,,,,,,,,,,,0.421,,,,,
510,2015,07,,,,,,,0.5,,,,,,,,,,,
511,2015,07,,,,,,,,0.526,,,,,,,,,,
512,2015,08,,,,,,,,,,,,,,0.4,,,,
513,2015,08,0.28,,,,,,,,,,,,,,,,,
514,2015,08,,0.5,,,,,,,,,,,,,,,,
515,2015,08,,,0.56,,,,,,,,,,,,,,,
516,2015,08,,,,0.625,,,,,,,,,,,,,,
517,2015,08,,,,,0.5,,,,,,,,,,,,,
518,2015,08,,,,,,,,,,0.44,,,,,,,,
519,2015,08,,,,,,,,,,,,,0.792,,,,,
520,2015,08,,,,,,,0.478,,,,,,,,,,,
521,2015,08,,,,,,,,0.44,,,,,,,,,,
522,2015,09,,,,,,,,,,,,,,0.364,,,,
523,2015,09,0.565,,,,,,,,,,,,,,,,,
524,2015,09,,0.522,,,,,,,,,,,,,,,,
525,2015,09,,,0.615,,,,,,,,,,,,,,,
526,2015,09,,,,0.56,,,,,,,,,,,,,,
527,2015,09,,,,,0.542,,,,,,,,,,,,,
528,2015,09,,,,,,,,,,0.522,,,,,,,,
529,2015,09,,,,,,,,,,,,,0.375,,,,,
530,2015,09,,,,,,,0.455,,,,,,,,,,,
531,2015,09,,,,,,,,0.45,,,,,,,,,,
532,2015,10,,,,,,,,,,,,,,0.333,,,,
533,2015,10,0.333,,,,,,,,,,,,,,,,,
534,2015,10,,0.2,,,,,,,,,,,,,,,,
535,2015,10,,,0.25,,,,,,,,,,,,,,,
536,2015,10,,,,0.667,,,,,,,,,,,,,,
537,2015,10,,,,,0.625,,,,,,,,,,,,,
538,2015,10,,,,,,,,,,0.5,,,,,,,,
539,2015,10,,,,,,,,,,,,,0.375,,,,,
540,2015,10,,,,,,,0.667,,,,,,,,,,,
541,2015,10,,,,,,,,0.5,,,,,,,,,,
542,2016,03,,,,,,,,,,,,,,0.6,,,,
543,2016,03,0.438,,,,,,,,,,,,,,,,,
544,2016,03,,0.5,,,,,,,,,,,,,,,,
545,2016,03,,,0.429,,,,,,,,,,,,,,,
546,2016,03,,,,0.846,,,,,,,,,,,,,,
547,2016,03,,,,,0.688,,,,,,,,,,,,,
548,2016,03,,,,,,,,,,0.267,,,,,,,,
549,2016,03,,,,,,,,,,,,,0.438,,,,,
550,2016,03,,,,,,,0.357,,,,,,,,,,,
551,2016,03,,,,,,,,0.467,,,,,,,,,,
552,2016,04,,,,,,,,,,,,,,0.52,,,,
553,2016,04,0.348,,,,,,,,,,,,,,,,,
554,2016,04,,0.318,,,,,,,,,,,,,,,,
555,2016,04,,,0.6,,,,,,,,,,,,,,,
556,2016,04,,,,0.696,,,,,,,,,,,,,,
557,2016,04,,,,,0.478,,,,,,,,,,,,,
558,2016,04,,,,,,,,,,0.435,,,,,,,,
559,2016,04,,,,,,,,,,,,,0.565,,,,,
560,2016,04,,,,,,,0.48,,,,,,,,,,,
561,2016,04,,,,,,,,0.545,,,,,,,,,,
562,2016,05,,,,,,,,,,,,,,0.364,,,,
563,2016,05,0.5,,,,,,,,,,,,,,,,,
564,2016,05,,0.625,,,,,,,,,,,,,,,,
565,2016,05,,,0.417,,,,,,,,,,,,,,,
566,2016,05,,,,0.64,,,,,,,,,,,,,,
567,2016,05,,,,,0.5,,,,,,,,,,,,,
568,2016,05,,,,,,,,,,0.52,,,,,,,,
569,2016,05,,,,,,,,,,,,,0.409,,,,,
570,2016,05,,,,,,,0.542,,,,,,,,,,,
571,2016,05,,,,,,,,0.455,,,,,,,,,,
572,2016,06,,,,,,,,,,,,,,0.458,,,,
573,2016,06,0.652,,,,,,,,,,,,,,,,,
574,2016,06,,0.56,,,,,,,,,,,,,,,,
575,2016,06,,,0.462,,,,,,,,,,,,,,,
576,2016,06,,,,0.64,,,,,,,,,,,,,,
577,2016,06,,,,,0.385,,,,,,,,,,,,,
578,2016,06,,,,,,,,,,0.52,,,,,,,,
579,2016,06,,,,,,,,,,,,,0.545,,,,,
580,2016,06,,,,,,,0.36,,,,,,,,,,,
581,2016,06,,,,,,,,0.44,,,,,,,,,,
582,2016,07,,,,,,,,,,,,,,,1.0,,,
583,2016,07,,,,,,,,,,,,,,0.6,,,,
584,2016,07,0.45,,,,,,,,,,,,,,,,,
585,2016,07,,0.522,,,,,,,,,,,,,,,,
586,2016,07,,,,,,,,,,,,,,,,0.0,,
587,2016,07,,,0.591,,,,,,,,,,,,,,,
588,2016,07,,,,0.476,,,,,,,,,,,,,,
589,2016,07,,,,,0.412,,,,,,,,,,,,,
590,2016,07,,,,,,,,,,0.571,,,,,,,,
591,2016,07,,,,,,,,,,,,,0.55,,,,,
592,2016,07,,,,,,,0.45,,,,,,,,,,,
593,2016,07,,,,,,,,0.364,,,,,,,,,,
594,2016,08,,,,,,,,,,,,,,0.391,,,,
595,2016,08,0.625,,,,,,,,,,,,,,,,,
596,2016,08,,0.417,,,,,,,,,,,,,,,,
597,2016,08,,,0.48,,,,,,,,,,,,,,,
598,2016,08,,,,0.417,,,,,,,,,,,,,,
599,2016,08,,,,,0.391,,,,,,,,,,,,,
600,2016,08,,,,,,,,,,0.478,,,,,,,,
601,2016,08,,,,,,,,,,,,,0.609,,,,,
602,2016,08,,,,,,,0.522,,,,,,,,,,,
603,2016,08,,,,,,,,0.654,,,,,,,,,,
604,2016,09,,,,,,,,,,,,,,0.391,,,,
605,2016,09,0.478,,,,,,,,,,,,,,,,,
606,2016,09,,0.5,,,,,,,,,,,,,,,,
607,2016,09,,,0.368,,,,,,,,,,,,,,,
608,2016,09,,,,0.591,,,,,,,,,,,,,,
609,2016,09,,,,,0.609,,,,,,,,,,,,,
610,2016,09,,,,,,,,,,0.476,,,,,,,,
611,2016,09,,,,,,,,,,,,,0.458,,,,,
612,2016,09,,,,,,,0.524,,,,,,,,,,,
613,2016,09,,,,,,,,0.6,,,,,,,,,,
614,2016,10,,,,,,,,,,,,,,0.4,,,,
615,2016,10,0.5,,,,,,,,,,,,,,,,,
616,2016,10,,0.571,,,,,,,,,,,,,,,,
617,2016,10,,,0.667,,,,,,,,,,,,,,,
618,2016,10,,,,1.0,,,,,,,,,,,,,,
619,2016,10,,,,,0.6,,,,,,,,,,,,,
620,2016,10,,,,,,,,,,0.333,,,,,,,,
621,2016,10,,,,,,,,,,,,,0.462,,,,,
622,2016,10,,,,,,,0.5,,,,,,,,,,,
623,2016,10,,,,,,,,0.4,,,,,,,,,,
624,2016,11,,,,1.0,,,,,,,,,,,,,,
625,2016,11,,,,,,,,,,,,,0.0,,,,,
626,2017,03,,,,,,,,,,,,,,0.727,,,,
627,2017,03,0.727,,,,,,,,,,,,,,,,,
628,2017,03,,0.583,,,,,,,,,,,,,,,,
629,2017,03,,,0.455,,,,,,,,,,,,,,,
630,2017,03,,,,0.545,,,,,,,,,,,,,,
631,2017,03,,,,,0.167,,,,,,,,,,,,,
632,2017,03,,,,,,,,,,0.5,,,,,,,,
633,2017,03,,,,,,,,,,,,,0.556,,,,,
634,2017,03,,,,,,,0.3,,,,,,,,,,,
635,2017,03,,,,,,,,0.455,,,,,,,,,,
636,2017,04,,,,,,,,,,,,,,0.52,,,,
637,2017,04,0.48,,,,,,,,,,,,,,,,,
638,2017,04,,0.68,,,,,,,,,,,,,,,,
639,2017,04,,,0.52,,,,,,,,,,,,,,,
640,2017,04,,,,0.417,,,,,,,,,,,,,,
641,2017,04,,,,,0.304,,,,,,,,,,,,,
642,2017,04,,,,,,,,,,0.4,,,,,,,,
643,2017,04,,,,,,,,,,,,,0.708,,,,,
644,2017,04,,,,,,,0.44,,,,,,,,,,,
645,2017,04,,,,,,,,0.52,,,,,,,,,,
646,2017,05,,,,,,,,,,,,,,0.385,,,,
647,2017,05,0.52,,,,,,,,,,,,,,,,,
648,2017,05,,0.538,,,,,,,,,,,,,,,,
649,2017,05,,,0.5,,,,,,,,,,,,,,,
650,2017,05,,,,0.522,,,,,,,,,,,,,,
651,2017,05,,,,,0.6,,,,,,,,,,,,,
652,2017,05,,,,,,,,,,0.583,,,,,,,,
653,2017,05,,,,,,,,,,,,,0.44,,,,,
654,2017,05,,,,,,,0.5,,,,,,,,,,,
655,2017,05,,,,,,,,0.417,,,,,,,,,,
656,2017,06,,,,,,,,,,,,,,0.36,,,,
657,2017,06,0.292,,,,,,,,,,,,,,,,,
658,2017,06,,0.333,,,,,,,,,,,,,,,,
659,2017,06,,,0.615,,,,,,,,,,,,,,,
660,2017,06,,,,0.56,,,,,,,,,,,,,,
661,2017,06,,,,,0.6,,,,,,,,,,,,,
662,2017,06,,,,,,,,,,0.56,,,,,,,,
663,2017,06,,,,,,,,,,,,,0.68,,,,,
664,2017,06,,,,,,,0.542,,,,,,,,,,,
665,2017,06,,,,,,,,0.435,,,,,,,,,,
666,2017,07,,,,,,,,,,,,,,,0.0,,,
667,2017,07,,,,,,,,,,,,,,0.316,,,,
668,2017,07,0.45,,,,,,,,,,,,,,,,,
669,2017,07,,0.5,,,,,,,,,,,,,,,,
670,2017,07,,,,,,,,,,,,,,,,1.0,,
671,2017,07,,,0.478,,,,,,,,,,,,,,,
672,2017,07,,,,0.737,,,,,,,,,,,,,,
673,2017,07,,,,,0.524,,,,,,,,,,,,,
674,2017,07,,,,,,,,,,0.455,,,,,,,,
675,2017,07,,,,,,,,,,,,,0.45,,,,,
676,2017,07,,,,,,,0.571,,,,,,,,,,,
677,2017,07,,,,,,,,0.526,,,,,,,,,,
678,2017,08,,,,,,,,,,,,,,0.417,,,,
679,2017,08,0.478,,,,,,,,,,,,,,,,,
680,2017,08,,0.476,,,,,,,,,,,,,,,,
681,2017,08,,,0.64,,,,,,,,,,,,,,,
682,2017,08,,,,0.538,,,,,,,,,,,,,,
683,2017,08,,,,,0.417,,,,,,,,,,,,,
684,2017,08,,,,,,,,,,0.5,,,,,,,,
685,2017,08,,,,,,,,,,,,,0.37,,,,,
686,2017,08,,,,,,,0.704,,,,,,,,,,,
687,2017,08,,,,,,,,0.435,,,,,,,,,,
688,2017,09,,,,,,,,,,,,,,0.571,,,,
689,2017,09,0.522,,,,,,,,,,,,,,,,,
690,2017,09,,0.478,,,,,,,,,,,,,,,,
691,2017,09,,,0.556,,,,,,,,,,,,,,,
692,2017,09,,,,0.476,,,,,,,,,,,,,,
693,2017,09,,,,,0.333,,,,,,,,,,,,,
694,2017,09,,,,,,,,,,0.389,,,,,,,,
695,2017,09,,,,,,,,,,,,,0.632,,,,,
696,2017,09,,,,,,,0.684,,,,,,,,,,,
697,2017,09,,,,,,,,0.375,,,,,,,,,,
698,2017,10,,,,,,,,,,,,,,0.667,,,,
699,2017,10,0.0,,,,,,,,,,,,,,,,,
700,2017,10,,0.625,,,,,,,,,,,,,,,,
701,2017,10,,,1.0,,,,,,,,,,,,,,,
702,2017,10,,,,0.273,,,,,,,,,,,,,,
703,2017,10,,,,,0.0,,,,,,,,,,,,,
704,2017,10,,,,,,,,,,1.0,,,,,,,,
705,2017,10,,,,,,,,,,,,,0.5,,,,,
706,2017,10,,,,,,,0.667,,,,,,,,,,,
707,2017,10,,,,,,,,0.5,,,,,,,,,,
708,2018,03,,,,,,,,,,,,,,0.615,,,,
709,2018,03,0.385,,,,,,,,,,,,,,,,,
710,2018,03,,0.583,,,,,,,,,,,,,,,,
711,2018,03,,,0.75,,,,,,,,,,,,,,,
712,2018,03,,,,0.615,,,,,,,,,,,,,,
713,2018,03,,,,,0.385,,,,,,,,,,,,,
714,2018,03,,,,,,,,,,0.538,,,,,,,,
715,2018,03,,,,,,,,,,,,,0.462,,,,,
716,2018,03,,,,,,,0.25,,,,,,,,,,,
717,2018,03,,,,,,,,0.429,,,,,,,,,,
718,2018,04,,,,,,,,,,,,,,0.542,,,,
719,2018,04,0.455,,,,,,,,,,,,,,,,,
720,2018,04,,0.476,,,,,,,,,,,,,,,,
721,2018,04,,,0.696,,,,,,,,,,,,,,,
722,2018,04,,,,0.652,,,,,,,,,,,,,,
723,2018,04,,,,,0.333,,,,,,,,,,,,,
724,2018,04,,,,,,,,,,0.36,,,,,,,,
725,2018,04,,,,,,,,,,,,,0.333,,,,,
726,2018,04,,,,,,,0.591,,,,,,,,,,,
727,2018,04,,,,,,,,0.583,,,,,,,,,,
728,2018,05,,,,,,,,,,,,,,0.292,,,,
729,2018,05,0.6,,,,,,,,,,,,,,,,,
730,2018,05,,0.462,,,,,,,,,,,,,,,,
731,2018,05,,,0.478,,,,,,,,,,,,,,,
732,2018,05,,,,0.522,,,,,,,,,,,,,,
733,2018,05,,,,,0.6,,,,,,,,,,,,,
734,2018,05,,,,,,,,,,0.44,,,,,,,,
735,2018,05,,,,,,,,,,,,,0.56,,,,,
736,2018,05,,,,,,,0.583,,,,,,,,,,,
737,2018,05,,,,,,,,0.462,,,,,,,,,,
738,2018,06,,,,,,,,,,,,,,0.435,,,,
739,2018,06,0.615,,,,,,,,,,,,,,,,,
740,2018,06,,0.455,,,,,,,,,,,,,,,,
741,2018,06,,,0.609,,,,,,,,,,,,,,,
742,2018,06,,,,0.615,,,,,,,,,,,,,,
743,2018,06,,,,,0.458,,,,,,,,,,,,,
744,2018,06,,,,,,,,,,0.4,,,,,,,,
745,2018,06,,,,,,,,,,,,,0.36,,,,,
746,2018,06,,,,,,,0.391,,,,,,,,,,,
747,2018,06,,,,,,,,0.652,,,,,,,,,,
748,2018,07,,,,,,,,,,,,,,,1.0,,,
749,2018,07,,,,,,,,,,,,,,0.65,,,,
750,2018,07,0.5,,,,,,,,,,,,,,,,,
751,2018,07,,0.273,,,,,,,,,,,,,,,,
752,2018,07,,,,,,,,,,,,,,,,0.0,,
753,2018,07,,,0.5,,,,,,,,,,,,,,,
754,2018,07,,,,0.714,,,,,,,,,,,,,,
755,2018,07,,,,,0.7,,,,,,,,,,,,,
756,2018,07,,,,,,,,,,0.478,,,,,,,,
757,2018,07,,,,,,,,,,,,,0.571,,,,,
758,2018,07,,,,,,,0.143,,,,,,,,,,,
759,2018,07,,,,,,,,0.5,,,,,,,,,,
760,2018,08,,,,,,,,,,,,,,0.385,,,,
761,2018,08,0.583,,,,,,,,,,,,,,,,,
762,2018,08,,0.333,,,,,,,,,,,,,,,,
763,2018,08,,,0.462,,,,,,,,,,,,,,,
764,2018,08,,,,0.615,,,,,,,,,,,,,,
765,2018,08,,,,,0.385,,,,,,,,,,,,,
766,2018,08,,,,,,,,,,0.692,,,,,,,,
767,2018,08,,,,,,,,,,,,,0.462,,,,,
768,2018,08,,,,,,,0.636,,,,,,,,,,,
769,2018,08,,,,,,,,0.462,,,,,,,,,,
770,2018,09,,,,,,,,,,,,,,0.318,,,,
771,2018,09,0.625,,,,,,,,,,,,,,,,,
772,2018,09,,0.522,,,,,,,,,,,,,,,,
773,2018,09,,,0.417,,,,,,,,,,,,,,,
774,2018,09,,,,0.625,,,,,,,,,,,,,,
775,2018,09,,,,,0.522,,,,,,,,,,,,,
776,2018,09,,,,,,,,,,0.652,,,,,,,,
777,2018,09,,,,,,,,,,,,,0.304,,,,,
778,2018,09,,,,,,,0.591,,,,,,,,,,,
779,2018,09,,,,,,,,0.417,,,,,,,,,,
780,2018,10,,,,,,,,,,,,,,1.0,,,,
781,2018,10,0.2,,,,,,,,,,,,,,,,,
782,2018,10,,0.5,,,,,,,,,,,,,,,,
783,2018,10,,,0.167,,,,,,,,,,,,,,,
784,2018,10,,,,0.571,,,,,,,,,,,,,,
785,2018,10,,,,,0.25,,,,,,,,,,,,,
786,2018,10,,,,,,,,,,0.583,,,,,,,,
787,2018,10,,,,,,,,,,,,,0.8,,,,,
788,2018,10,,,,,,,0.583,,,,,,,,,,,
789,2018,10,,,,,,,,0.5,,,,,,,,,,
790,2018,11,,,,0.333,,,,,,,,,,,,,,
791,2018,11,,,0.714,,,,,,,,,,,,,,,
792,2018,11,,,,,,,,,,0.0,,,,,,,,
793,2019,03,,,,,,,,,,,,,,0.154,,,,
794,2019,03,0.438,,,,,,,,,,,,,,,,,
795,2019,03,,0.538,,,,,,,,,,,,,,,,
796,2019,03,,,0.733,,,,,,,,,,,,,,,
797,2019,03,,,,0.533,,,,,,,,,,,,,,
798,2019,03,,,,,0.188,,,,,,,,,,,,,
799,2019,03,,,,,,,,,,,,,,,,,0.5,
800,2019,03,,,,,,,,,,,,,0.667,,,,,
801,2019,03,,,,,,,0.562,,,,,,,,,,,
802,2019,03,,,,,,,,0.692,,,,,,,,,,
803,2019,04,,,,,,,,,,,,,,0.417,,,,
804,2019,04,0.429,,,,,,,,,,,,,,,,,
805,2019,04,,0.619,,,,,,,,,,,,,,,,
806,2019,04,,,0.682,,,,,,,,,,,,,,,
807,2019,04,,,,0.542,,,,,,,,,,,,,,
808,2019,04,,,,,0.318,,,,,,,,,,,,,
809,2019,04,,,,,,,,,,,,,,,,,0.5,
810,2019,04,,,,,,,,,,,,,0.545,,,,,
811,2019,04,,,,,,,0.364,,,,,,,,,,,
812,2019,04,,,,,,,,0.591,,,,,,,,,,
813,2019,05,,,,,,,,,,,,,,0.692,,,,
814,2019,05,0.407,,,,,,,,,,,,,,,,,
815,2019,05,,0.519,,,,,,,,,,,,,,,,
816,2019,05,,,0.577,,,,,,,,,,,,,,,
817,2019,05,,,,0.577,,,,,,,,,,,,,,
818,2019,05,,,,,0.577,,,,,,,,,,,,,
819,2019,05,,,,,,,,,,,,,,,,,0.407,
820,2019,05,,,,,,,,,,,,,0.423,,,,,
821,2019,05,,,,,,,0.333,,,,,,,,,,,
822,2019,05,,,,,,,,0.5,,,,,,,,,,
823,2019,06,,,,,,,,,,,,,,0.417,,,,
824,2019,06,0.375,,,,,,,,,,,,,,,,,
825,2019,06,,0.32,,,,,,,,,,,,,,,,
826,2019,06,,,0.64,,,,,,,,,,,,,,,
827,2019,06,,,,0.56,,,,,,,,,,,,,,
828,2019,06,,,,,0.458,,,,,,,,,,,,,
829,2019,06,,,,,,,,,,,,,,,,,0.76,
830,2019,06,,,,,,,,,,,,,0.417,,,,,
831,2019,06,,,,,,,0.455,,,,,,,,,,,
832,2019,06,,,,,,,,0.583,,,,,,,,,,
833,2019,07,,,,,,,,,,,,,,,1.0,,,
834,2019,07,,,,,,,,,,,,,,0.556,,,,
835,2019,07,0.316,,,,,,,,,,,,,,,,,
836,2019,07,,0.562,,,,,,,,,,,,,,,,
837,2019,07,,,,,,,,,,,,,,,,0.0,,
838,2019,07,,,0.684,,,,,,,,,,,,,,,
839,2019,07,,,,0.471,,,,,,,,,,,,,,
840,2019,07,,,,,0.444,,,,,,,,,,,,,
841,2019,07,,,,,,,,,,,,,,,,,0.632,
842,2019,07,,,,,,,,,,,,,0.611,,,,,
843,2019,07,,,,,,,0.222,,,,,,,,,,,
844,2019,07,,,,,,,,0.5,,,,,,,,,,
845,2019,08,,,,,,,,,,,,,,0.583,,,,
846,2019,08,0.583,,,,,,,,,,,,,,,,,
847,2019,08,,0.48,,,,,,,,,,,,,,,,
848,2019,08,,,0.52,,,,,,,,,,,,,,,
849,2019,08,,,,0.667,,,,,,,,,,,,,,
850,2019,08,,,,,0.364,,,,,,,,,,,,,
851,2019,08,,,,,,,,,,,,,,,,,0.5,
852,2019,08,,,,,,,,,,,,,0.417,,,,,
853,2019,08,,,,,,,0.417,,,,,,,,,,,
854,2019,08,,,,,,,,0.458,,,,,,,,,,
855,2019,09,,,,,,,,,,,,,,0.556,,,,
856,2019,09,0.571,,,,,,,,,,,,,,,,,
857,2019,09,,0.55,,,,,,,,,,,,,,,,
858,2019,09,,,0.444,,,,,,,,,,,,,,,
859,2019,09,,,,0.667,,,,,,,,,,,,,,
860,2019,09,,,,,0.348,,,,,,,,,,,,,
861,2019,09,,,,,,,,,,,,,,,,,0.533,
862,2019,09,,,,,,,,,,,,,0.632,,,,,
863,2019,09,,,,,,,0.211,,,,,,,,,,,
864,2019,09,,,,,,,,0.524,,,,,,,,,,
865,2019,10,,,0.0,,,,,,,,,,,,,,,
866,2019,10,,,,0.8,,,,,,,,,,,,,,
867,2019,10,,,,,,,,,,,,,,,,,0.583,
868,2019,10,,,,,,,,,,,,,0.0,,,,,
869,2019,10,,,,,,,0.0,,,,,,,,,,,
870,2019,10,,,,,,,,0.6,,,,,,,,,,
871,2020,05,,,,,,,,,,,,,,0.304,,,,
872,2020,05,0.375,,,,,,,,,,,,,,,,,
873,2020,05,,0.542,,,,,,,,,,,,,,,,
874,2020,05,,,0.435,,,,,,,,,,,,,,,
875,2020,05,,,,0.609,,,,,,,,,,,,,,
876,2020,05,,,,,0.667,,,,,,,,,,,,,
877,2020,05,,,,,,,,,,,,,,,,,0.417,
878,2020,05,,,,,,,,,,,,,0.565,,,,,
879,2020,05,,,,,,,0.522,,,,,,,,,,,
880,2020,05,,,,,,,,0.565,,,,,,,,,,
881,2020,06,,,,,,,,,,,,,,0.44,,,,
882,2020,06,0.417,,,,,,,,,,,,,,,,,
883,2020,06,,0.619,,,,,,,,,,,,,,,,
884,2020,06,,,0.32,,,,,,,,,,,,,,,
885,2020,06,,,,0.48,,,,,,,,,,,,,,
886,2020,06,,,,,0.48,,,,,,,,,,,,,
887,2020,06,,,,,,,,,,,,,,,,,0.64,
888,2020,06,,,,,,,,,,,,,0.625,,,,,
889,2020,06,,,,,,,0.522,,,,,,,,,,,
890,2020,06,,,,,,,,0.48,,,,,,,,,,
891,2020,07,,,,,,,,,,,,,,0.619,,,,
892,2020,07,0.292,,,,,,,,,,,,,,,,,
893,2020,07,,0.478,,,,,,,,,,,,,,,,
894,2020,07,,,0.458,,,,,,,,,,,,,,,
895,2020,07,,,,0.565,,,,,,,,,,,,,,
896,2020,07,,,,,0.545,,,,,,,,,,,,,
897,2020,07,,,,,,,,,,,,,,,,,0.542,
898,2020,07,,,,,,,,,,,,,0.6,,,,,
899,2020,07,,,,,,,0.409,,,,,,,,,,,
900,2020,07,,,,,,,,0.522,,,,,,,,,,
901,2020,08,,,,,,,,,,,,,,0.696,,,,
902,2020,08,0.429,,,,,,,,,,,,,,,,,
903,2020,08,,0.52,,,,,,,,,,,,,,,,
904,2020,08,,,0.217,,,,,,,,,,,,,,,
905,2020,08,,,,0.409,,,,,,,,,,,,,,
906,2020,08,,,,,0.435,,,,,,,,,,,,,
907,2020,08,,,,,,,,,,,,,,,,,0.538,
908,2020,08,,,,,,,,,,,,,0.478,,,,,
909,2020,08,,,,,,,0.727,,,,,,,,,,,
910,2020,08,,,,,,,,0.542,,,,,,,,,,
911,2020,09,,,,,,,,,,,,,,0.577,,,,
912,2020,09,0.44,,,,,,,,,,,,,,,,,
913,2020,09,,0.542,,,,,,,,,,,,,,,,
914,2020,09,,,0.5,,,,,,,,,,,,,,,
915,2020,09,,,,0.5,,,,,,,,,,,,,,
916,2020,09,,,,,0.5,,,,,,,,,,,,,
917,2020,09,,,,,,,,,,,,,,,,,0.5,
918,2020,09,,,,,,,,,,,,,0.56,,,,,
919,2020,09,,,,,,,0.407,,,,,,,,,,,
920,2020,09,,,,,,,,0.478,,,,,,,,,,
921,2020,10,,,,,,,,,,,,,,0.52,,,,
922,2020,10,0.391,,,,,,,,,,,,,,,,,
923,2020,10,,0.519,,,,,,,,,,,,,,,,
924,2020,10,,,0.545,,,,,,,,,,,,,,,
925,2020,10,,,,0.652,,,,,,,,,,,,,,
926,2020,10,,,,,0.524,,,,,,,,,,,,,
927,2020,10,,,,,,,,,,,,,,,,,0.389,
928,2020,10,,,,,,,,,,,,,0.435,,,,,
929,2020,10,,,,,,,0.423,,,,,,,,,,,
930,2020,10,,,,,,,,0.591,,,,,,,,,,
931,2020,11,,,,,,,,,,,,,,0.25,,,,
932,2020,11,,,,0.583,,,,,,,,,,,,,,
933,2020,11,,,,,,,,,,,,,,,,,0.0,
934,2020,11,,,,,,,,,,,,,0.667,,,,,
935,2020,11,,,,,,,,0.333,,,,,,,,,,
936,2021,03,,,,,,,,,,,,,,0.5,,,,
937,2021,03,0.857,,,,,,,,,,,,,,,,,
938,2021,03,,0.571,,,,,,,,,,,,,,,,
939,2021,03,,,,,,,,,,,,,,,,,,0.5
940,2021,03,,,,0.5,,,,,,,,,,,,,,
941,2021,03,,,,,0.25,,,,,,,,,,,,,
942,2021,03,,,,,,,,,,,,,,,,,0.5,
943,2021,03,,,,,,,,,,,,,0.2,,,,,
944,2021,03,,,,,,,0.5,,,,,,,,,,,
945,2021,03,,,,,,,,0.429,,,,,,,,,,
946,2021,04,,,,,,,,,,,,,,0.435,,,,
947,2021,04,0.304,,,,,,,,,,,,,,,,,
948,2021,04,,0.522,,,,,,,,,,,,,,,,
949,2021,04,,,,,,,,,,,,,,,,,,0.565
950,2021,04,,,,0.565,,,,,,,,,,,,,,
951,2021,04,,,,,0.625,,,,,,,,,,,,,
952,2021,04,,,,,,,,,,,,,,,,,0.542,
953,2021,04,,,,,,,,,,,,,0.478,,,,,
954,2021,04,,,,,,,0.391,,,,,,,,,,,
955,2021,04,,,,,,,,0.565,,,,,,,,,,
956,2021,05,,,,,,,,,,,,,,0.545,,,,
957,2021,05,0.391,,,,,,,,,,,,,,,,,
958,2021,05,,0.455,,,,,,,,,,,,,,,,
959,2021,05,,,,,,,,,,,,,,,,,,0.591
960,2021,05,,,,0.545,,,,,,,,,,,,,,
961,2021,05,,,,,0.565,,,,,,,,,,,,,
962,2021,05,,,,,,,,,,,,,,,,,0.478,
963,2021,05,,,,,,,,,,,,,0.682,,,,,
964,2021,05,,,,,,,0.286,,,,,,,,,,,
965,2021,05,,,,,,,,0.458,,,,,,,,,,
966,2021,06,,,,,,,,,,,,,,0.696,,,,
967,2021,06,0.36,,,,,,,,,,,,,,,,,
968,2021,06,,0.304,,,,,,,,,,,,,,,,
969,2021,06,,,,,,,,,,,,,,,,,,0.478
970,2021,06,,,,0.32,,,,,,,,,,,,,,
971,2021,06,,,,,0.6,,,,,,,,,,,,,
972,2021,06,,,,,,,,,,,,,,,,,0.5,
973,2021,06,,,,,,,,,,,,,0.636,,,,,
974,2021,06,,,,,,,0.5,,,,,,,,,,,
975,2021,06,,,,,,,,0.625,,,,,,,,,,
976,2021,07,,,,,,,,,,,,,,0.714,,,,
977,2021,07,0.5,,,,,,,,,,,,,,,,,
978,2021,07,,0.833,,,,,,,,,,,,,,,,
979,2021,07,,,,,,,,,,,,,,,,,,0.2
980,2021,07,,,,0.2,,,,,,,,,,,,,,
981,2021,07,,,,,0.714,,,,,,,,,,,,,
982,2021,07,,,,,,,,,,,,,,,,,0.571,
983,2021,07,,,,,,,,,,,,,0.2,,,,,
984,2021,07,,,,,,,0.571,,,,,,,,,,,
985,2021,07,,,,,,,,0.5,,,,,,,,,,
986,2021,08,,,,,,,,,,,,,,0.529,,,,
987,2021,08,0.571,,,,,,,,,,,,,,,,,
988,2021,08,,0.6,,,,,,,,,,,,,,,,
989,2021,08,,,,,,,,,,,,,,,,,,0.308
990,2021,08,,,,0.357,,,,,,,,,,,,,,
991,2021,08,,,,,0.4,,,,,,,,,,,,,
992,2021,08,,,,,,,,,,,,,,,,,0.625,
993,2021,08,,,,,,,,,,,,,0.462,,,,,
994,2021,08,,,,,,,0.643,,,,,,,,,,,
995,2021,08,,,,,,,,0.5,,,,,,,,,,
996,2021,09,,,,,,,,,,,,,,0.545,,,,
997,2021,09,0.286,,,,,,,,,,,,,,,,,
998,2021,09,,0.385,,,,,,,,,,,,,,,,
999,2021,09,,,,,,,,,,,,,,,,,,0.545
1000,2021,09,,,,0.708,,,,,,,,,,,,,,
1001,2021,09,,,,,0.619,,,,,,,,,,,,,
1002,2021,09,,,,,,,,,,,,,,,,,0.571,
1003,2021,09,,,,,,,,,,,,,0.357,,,,,
1004,2021,09,,,,,,,0.615,,,,,,,,,,,
1005,2021,09,,,,,,,,0.381,,,,,,,,,,
1006,2021,10,,,,,,,,,,,,,,0.364,,,,
1007,2021,10,0.278,,,,,,,,,,,,,,,,,
1008,2021,10,,0.708,,,,,,,,,,,,,,,,
1009,2021,10,,,,,,,,,,,,,,,,,,0.412
1010,2021,10,,,,0.565,,,,,,,,,,,,,,
1011,2021,10,,,,,0.429,,,,,,,,,,,,,
1012,2021,10,,,,,,,,,,,,,,,,,0.5,
1013,2021,10,,,,,,,,,,,,,0.636,,,,,
1014,2021,10,,,,,,,0.579,,,,,,,,,,,
1015,2021,10,,,,,,,,0.45,,,,,,,,,,
1016,2021,11,,,,,,,,,,,,,,1.0,,,,
1017,2021,11,,,,0.182,,,,,,,,,,,,,,
1018,2021,11,,,,,0.5,,,,,,,,,,,,,
1019,2021,11,,,,,,,,,,,,,,,,,1.0,
1020,2021,11,,,,,,,,0.667,,,,,,,,,,
1021,2022,03,,,,,,,,,,,,,,0.625,,,,
1022,2022,03,0.5,,,,,,,,,,,,,,,,,
1023,2022,03,,0.636,,,,,,,,,,,,,,,,
1024,2022,03,,,,,,,,,,,,,,,,,,0.455
1025,2022,03,,,,0.111,,,,,,,,,,,,,,
1026,2022,03,,,,,0.6,,,,,,,,,,,,,
1027,2022,03,,,,,,,,,,,,,,,,,0.385,
1028,2022,03,,,,,,,,,,,,,0.417,,,,,
1029,2022,03,,,,,,,0.636,,,,,,,,,,,
1030,2022,03,,,,,,,,0.636,,,,,,,,,,
1031,2022,04,,,,,,,,,,,,,,0.5,,,,
1032,2022,04,0.36,,,,,,,,,,,,,,,,,
1033,2022,04,,0.375,,,,,,,,,,,,,,,,
1034,2022,04,,,,,,,,,,,,,,,,,,0.75
1035,2022,04,,,,0.542,,,,,,,,,,,,,,
1036,2022,04,,,,,0.4,,,,,,,,,,,,,
1037,2022,04,,,,,,,,,,,,,,,,,0.6,
1038,2022,04,,,,,,,,,,,,,0.32,,,,,
1039,2022,04,,,,,,,0.609,,,,,,,,,,,
1040,2022,04,,,,,,,,0.56,,,,,,,,,,
1041,2022,05,,,,,,,,,,,,,,0.423,,,,
1042,2022,05,0.577,,,,,,,,,,,,,,,,,
1043,2022,05,,0.615,,,,,,,,,,,,,,,,
1044,2022,05,,,,,,,,,,,,,,,,,,0.56
1045,2022,05,,,,0.333,,,,,,,,,,,,,,
1046,2022,05,,,,,0.6,,,,,,,,,,,,,
1047,2022,05,,,,,,,,,,,,,,,,,0.538,
1048,2022,05,,,,,,,,,,,,,0.346,,,,,
1049,2022,05,,,,,,,0.462,,,,,,,,,,,
1050,2022,05,,,,,,,,0.538,,,,,,,,,,
1051,2022,06,,,,,,,,,,,,,,0.714,,,,
1052,2022,06,0.375,,,,,,,,,,,,,,,,,
1053,2022,06,,0.714,,,,,,,,,,,,,,,,
1054,2022,06,,,,,,,,,,,,,,,,,,0.375
1055,2022,06,,,,0.25,,,,,,,,,,,,,,
1056,2022,06,,,,,0.625,,,,,,,,,,,,,
1057,2022,06,,,,,,,,,,,,,,,,,0.571,
1058,2022,06,,,,,,,,,,,,,0.714,,,,,
1059,2022,06,,,,,,,0.429,,,,,,,,,,,
1060,2022,06,,,,,,,,0.286,,,,,,,,,,
